id,name,emoji,mainRoleIndex,secondaryRoleIndex,tertiaryRoleIndex,availableDaysOff,remainingDaysOff,overtime,mon,tue,wed,thu,fri,sat,sun,roleSplitMain,roleSplitSecondary,roleSplitTertiary,startDate,endDate,teamIndex,shiftType,birthday,shiftMon,shiftTue,shiftWed,shiftThu,shiftFri,shiftSat,shiftSun
1,Dr. Bob,⚽,1,2,3,30.0,15.5,5.0,true,true,true,false,true,false,false,0.5,0.25,0.25,2021-01-01,2024-01-01,?,full,01.02,morning,afternoon,evening,night,morning,afternoon,night
2,Grètâ,❤️,2,0,0,30.0,17.5,2.0,true,true,true,true,true,true,false,0.6,0.2,0.2,2020-05-10,?,?,afternoon,02.03,afternoon,night,morning,evening,afternoon,night,evening
3,Kevin,🏀,3,0,0,30.0,20.0,1.0,true,false,true,false,true,false,false,0.7,0.3,?,2022-03-15,?,?,morning,03.04,morning,evening,afternoon,night,evening,afternoon,night

